"","districts","numberOfNAs","meanOfPpM","meanPr","Freq","lat","lon"
"1","<U+062A><U+0647><U+0631><U+0627><U+0646>  <U+0627><U+0633><U+06A9><U+0646><U+062F><U+0631><U+06CC>",18,4314134.85029031,276260869.565217,48,35.6870501,51.3817602
"2","<U+062A><U+0647><U+0631><U+0627><U+0646> <U+0622><U+062C><U+0648><U+062F><U+0627><U+0646><U+06CC><U+0647>",382,5949675.08531201,656978010.36478,525,35.8074248,51.4861036
"3","<U+062A><U+0647><U+0631><U+0627><U+0646> <U+0622><U+0630><U+0631><U+0628><U+0627><U+06CC><U+062C><U+0627><U+0646>",107,4886901.02981508,336662440.019881,531,35.6915066,51.3981554
"4","<U+062A><U+0647><U+0631><U+0627><U+0646> <U+0622><U+0630><U+0631><U+06CC>",74,2854225.20368015,179656644.71564,235,35.666648,51.3509483
"5","<U+062A><U+0647><U+0631><U+0627><U+0646> <U+0622><U+0631><U+0627><U+0631><U+0627><U+062A>",5,6839038.42468578,723258930.714286,11,35.7756592,51.4020909
"6","<U+062A><U+0647><U+0631><U+0627><U+0646> <U+0622><U+0631><U+0698><U+0627><U+0646><U+062A><U+06CC><U+0646>",6,7493863.45085693,834631578.947368,24,35.703256,51.4134783
"7","<U+062A><U+0647><U+0631><U+0627><U+0646> <U+0622><U+0632><U+0627><U+062F> <U+0634><U+0647><U+0631>",11,5897097.34272911,500060000,24,35.7362417,51.1912221
"8","<U+062A><U+0647><U+0631><U+0627><U+0646> <U+0622><U+0647><U+0646><U+06AF>",8,4852172.90696997,417068181.818182,24,35.658,51.4763619
"9","<U+062A><U+0647><U+0631><U+0627><U+0646> <U+0627><U+0628><U+0631><U+0627><U+0647><U+06CC><U+0645><U+200C><U+0622><U+0628><U+0627><U+062F>",9,6860094.40074285,5.99e+08,24,35.3656031,51.2828204
"10","<U+062A><U+0647><U+0631><U+0627><U+0646> <U+0627><U+0628><U+0648><U+0630><U+0631>",6,8598589.83180416,807666666.666667,24,35.7308742,51.3299783
"11","<U+062A><U+0647><U+0631><U+0627><U+0646> <U+0627><U+062D><U+062A><U+0634><U+0627><U+0645><U+06CC><U+0647>",8,4412608.7515542,353397500,24,35.7774115,51.4569591
"12","<U+062A><U+0647><U+0631><U+0627><U+0646> <U+0627><U+062E><U+062A><U+06CC><U+0627><U+0631><U+06CC><U+0647>",7,8227866.03068865,917705882.352941,24,35.78819,51.4598381
"13","<U+062A><U+0647><U+0631><U+0627><U+0646> <U+0627><U+0631><U+0627><U+0645><U+0646><U+0647>",7,4134222.83482757,270263157.894737,24,35.6130842,51.4330287
"14","<U+062A><U+0647><U+0631><U+0627><U+0646> <U+0627><U+0631><U+0645>",19,7897171.43090824,604766042.198113,120,35.7253495,51.2930557
"15","<U+062A><U+0647><U+0631><U+0627><U+0646> <U+0627><U+0632><U+06AF><U+0644>",10,8178657.90604032,900900000,24,35.7893952,51.5123795
"16","<U+062A><U+0647><U+0631><U+0627><U+0646> <U+0627><U+0633><U+062A><U+0627><U+062F> <U+0645><U+0639><U+06CC><U+0646>",2,5136334.48317878,3.39e+08,24,35.7001252,51.3446147
"17","<U+062A><U+0647><U+0631><U+0627><U+0646> <U+0627><U+0633><U+062A><U+062E><U+0631>",11,5174581.19254231,467021739.130435,48,35.7559596,51.5597026
"18","<U+062A><U+0647><U+0631><U+0627><U+0646> <U+0627><U+0633><U+0641><U+0646><U+062F><U+06CC><U+0627><U+0631><U+06CC>",6,3980811.13483946,282333333.333333,12,35.6282867,51.3850389
"19","<U+062A><U+0647><U+0631><U+0627><U+0646> <U+0627><U+0633><U+0644><U+0627><U+0645><U+200C><U+200C><U+0622><U+0628><U+0627><U+062F>",13,1657386.25324366,147714285.714286,24,35.5834151,51.1075883
"20","<U+062A><U+0647><U+0631><U+0627><U+0646> <U+0627><U+0641><U+0633><U+0631><U+06CC><U+0647>",40,4740275.13452428,335848839.418605,96,35.6555996,51.4913579
"21","<U+062A><U+0647><U+0631><U+0627><U+0646> <U+0627><U+0642><U+062F><U+0633><U+06CC><U+0647>",22,11643932.935493,1466666666.66667,24,35.7934538,51.4861036
"22","<U+062A><U+0647><U+0631><U+0627><U+0646> <U+0627><U+0644><U+0645><U+0647><U+062F><U+06CC>",2,7915951.86449223,614041666.666667,24,35.7740843,51.3273575
"23","<U+062A><U+0647><U+0631><U+0627><U+0646> <U+0627><U+0644><U+0647><U+06CC><U+0647>",11,3681008.48501074,397461539.769231,24,35.7902459,51.4283333
"24","<U+062A><U+0647><U+0631><U+0627><U+0646> <U+0627><U+0645><U+0627><U+0645> <U+062D><U+0633><U+06CC><U+0646>(<U+0639>)",14,3525370.05917337,233660012,24,35.7023885,51.4476614
"25","<U+062A><U+0647><U+0631><U+0627><U+0646> <U+0627><U+0645><U+0627><U+0645><U+0632><U+0627><U+062F><U+0647> <U+0642><U+0627><U+0633><U+0645>",14,6230493.04042579,578981818.181818,24,35.8167083,51.4354687
"26","<U+062A><U+0647><U+0631><U+0627><U+0646> <U+0627><U+0645><U+0627><U+0646><U+06CC><U+0647>",13,5746377.15331089,690600000,24,35.7832789,51.4191473
"27","<U+062A><U+0647><U+0631><U+0627><U+0646> <U+0627><U+0645><U+06CC><U+0631> <U+0628><U+0647><U+0627><U+062F><U+0631>",3,3995763.85478157,323791666.666667,24,35.6701914,51.4034028
"28","<U+062A><U+0647><U+0631><U+0627><U+0646> <U+0627><U+0645><U+06CC><U+0631><U+0622><U+0628><U+0627><U+062F>",6,8289786.3029386,966250000,24,35.7390966,51.3915969
"29","<U+062A><U+0647><U+0631><U+0627><U+0646> <U+0627><U+0645><U+06CC><U+0631><U+06CC><U+0647>",4,3693474.27496914,244217391.304348,24,35.6785199,51.400779
"30","<U+062A><U+0647><U+0631><U+0627><U+0646> <U+0627><U+0646><U+062F><U+06CC><U+0634><U+0647>",7,1557193.94919932,118663157.894737,24,35.7078282,51.0227587
"31","<U+062A><U+0647><U+0631><U+0627><U+0646> <U+0627><U+0648><U+0642><U+0627><U+0641>",10,4738994.55221019,323665000,24,35.747457,51.5123795
"32","<U+062A><U+0647><U+0631><U+0627><U+0646> <U+0627><U+0648><U+06CC><U+0646>",11,8074018.15374488,902285714.285714,24,35.7951995,51.3914778
"33","<U+062A><U+0647><U+0631><U+0627><U+0646> <U+0627><U+06A9><U+0628><U+0627><U+062A><U+0627><U+0646>",20,8882627.94386876,892298360.655738,72,35.7109293,51.3113741
"34","<U+062A><U+0647><U+0631><U+0627><U+0646> <U+0627><U+06CC><U+0631><U+0627><U+0646><U+0634><U+0647><U+0631>",3,6926896.40538628,707619047.619048,24,35.709756,51.4217717
"35","<U+062A><U+0647><U+0631><U+0627><U+0646> <U+0628><U+0627><U+0632><U+0627><U+0631>",16,1924614.64636764,209480588.235294,24,35.6718044,51.423084
"36","<U+062A><U+0647><U+0631><U+0627><U+0646> <U+0628><U+0627><U+063A> <U+0622><U+0630><U+0631><U+06CC>",11,4010420.84354628,252321428.571429,19,35.6538631,51.4320204
"37","<U+062A><U+0647><U+0631><U+0627><U+0646> <U+0628><U+0627><U+063A> <U+0631><U+0636><U+0648><U+0627><U+0646>",1,7229166.66666667,612500000,3,35.7410524,51.4301556
"38","<U+062A><U+0647><U+0631><U+0627><U+0646> <U+0628><U+0627><U+0642><U+0631><U+062E><U+0627><U+0646>",4,7683820.28476687,727166666.666667,20,35.6773974,51.4419645
"39","<U+062A><U+0647><U+0631><U+0627><U+0646> <U+0628><U+0631><U+06CC><U+0627><U+0646><U+06A9>",6,2922229.46375217,156956521.73913,24,35.6765771,51.3771703
"40","<U+062A><U+0647><U+0631><U+0627><U+0646> <U+0628><U+0644><U+0648><U+0627><U+0631> <U+06A9><U+0634><U+0627><U+0648><U+0631><U+0632>",3,6563856.16884781,651226086.956522,24,35.7084631,51.395332
"41","<U+062A><U+0647><U+0631><U+0627><U+0646> <U+0628><U+0647><U+0627><U+0631><U+0627><U+0646>",9,6058668.94031076,484815789.473684,24,35.7677989,51.2710362
"42","<U+062A><U+0647><U+0631><U+0627><U+0646> <U+0628><U+0647><U+0627><U+0631><U+0633><U+062A><U+0627><U+0646>",8,4270786.6810701,300309265.5,24,35.6924316,51.4283333
"43","<U+062A><U+0647><U+0631><U+0627><U+0646> <U+0628><U+0647><U+062C><U+062A><U+200C><U+0622><U+0628><U+0627><U+062F>",8,7251197.9060708,778725000,24,35.7190946,51.4125866
"44","<U+062A><U+0647><U+0631><U+0627><U+0646> <U+0628><U+0647><U+0645><U+0646><U+200C> <U+06CC><U+0627><U+0631>",9,3349100.73641195,306769230.769231,19,35.6289264,51.3987582
"45","<U+062A><U+0647><U+0631><U+0627><U+0646> <U+0628><U+0648><U+0633><U+062A><U+0627><U+0646> <U+0648><U+0644><U+0627><U+06CC><U+062A>",8,3224778.94481949,216222222.222222,22,35.6464977,51.3815881
"46","<U+062A><U+0647><U+0631><U+0627><U+0646> <U+0628><U+0648><U+0645><U+0647><U+0646>",14,1468463.41556008,126527777.777778,24,35.7336459,51.868124
"47","<U+062A><U+0647><U+0631><U+0627><U+0646> <U+062A><U+062C><U+0631><U+06CC><U+0634>",126,8329422.69186953,949765269.234177,272,35.7952267,51.4322706
"48","<U+062A><U+0647><U+0631><U+0627><U+0646> <U+062A><U+0647><U+0631><U+0627><U+0646><U+067E><U+0627><U+0631><U+0633> <U+0634><U+0631><U+0642><U+06CC>",116,5321276.02054193,425297314.809437,600,35.7426748,51.5491834
"49","<U+062A><U+0647><U+0631><U+0627><U+0646> <U+062A><U+0647><U+0631><U+0627><U+0646><U+067E><U+0627><U+0631><U+0633> <U+063A><U+0631><U+0628><U+06CC>",126,6990475.06443938,699043219.89703,576,35.7393573,51.5317728
"50","<U+062A><U+0647><U+0631><U+0627><U+0646> <U+062A><U+0647><U+0631><U+0627><U+0646><U+200C><U+0633><U+0631>",129,5152187.84576235,446507918.748603,600,35.7088596,51.3686763
"51","<U+062A><U+0647><U+0631><U+0627><U+0646> <U+062A><U+0647><U+0631><U+0627><U+0646><U+200C><U+0646><U+0648>",138,5570707.37913882,458848287.695122,470,35.7088812,51.4966127
"52","<U+062A><U+0647><U+0631><U+0627><U+0646> <U+062A><U+0647><U+0631><U+0627><U+0646><U+200C><U+0648><U+06CC><U+0644><U+0627>",36,8551010.9451602,927800570.359375,220,35.7238398,51.3666802
"53","<U+062A><U+0647><U+0631><U+0627><U+0646> <U+062A><U+0648><U+062D><U+06CC><U+062F>",27,6150734.82058594,555066192.446043,152,35.7008494,51.3785666
"54","<U+062A><U+0647><U+0631><U+0627><U+0646> <U+062C><U+0631><U+062F><U+0646>",329,8431791.51981293,1050814950.88327,576,35.762033,51.4185334
"55","<U+062A><U+0647><U+0631><U+0627><U+0646> <U+062C><U+0645><U+0627><U+0631><U+0627><U+0646>",17,8768712.03982887,1127261912.38095,37,35.816125,51.4598381
"56","<U+062A><U+0647><U+0631><U+0627><U+0646> <U+062C><U+0645><U+0627><U+0644><U+200C><U+0632><U+0627><U+062F><U+0647>",51,6089408.80296019,524133045.988506,202,35.6988492,51.3883178
"57","<U+062A><U+0647><U+0631><U+0627><U+0646> <U+062C><U+0645><U+0634><U+06CC><U+062F><U+06CC><U+0647>",98,6808560.2499205,644909090.909091,120,35.8266484,51.463656
"58","<U+062A><U+0647><U+0631><U+0627><U+0646> <U+062C><U+0645><U+0647><U+0648><U+0631><U+06CC>",49,4365105.87991426,367301405.951049,176,35.6954807,51.4050118
"59","<U+062A><U+0647><U+0631><U+0627><U+0646> <U+062C><U+0646><U+062A><U+200C><U+0622><U+0628><U+0627><U+062F> <U+062C><U+0646><U+0648><U+0628><U+06CC>",76,8162688.9734247,781102482.476722,600,31.1783097,52.6179443
"60","<U+062A><U+0647><U+0631><U+0627><U+0646> <U+062C><U+0646><U+062A><U+200C><U+0622><U+0628><U+0627><U+062F> <U+0634><U+0645><U+0627><U+0644><U+06CC>",69,7416336.25322287,671601571.55036,600,35.7724359,51.307705
"61","<U+062A><U+0647><U+0631><U+0627><U+0646> <U+062C><U+0646><U+062A><U+200C><U+200C><U+0622><U+0628><U+0627><U+062F> <U+0645><U+0631><U+06A9><U+0632><U+06CC>",61,7870264.52026939,709040902.464444,504,35.7526818,51.3075436
"62","<U+062A><U+0647><U+0631><U+0627><U+0646> <U+062C><U+0648><U+0627><U+062F><U+06CC><U+0647>",60,2886712.95265596,165369904.204082,123,35.6535787,51.3902852
"63","<U+062A><U+0647><U+0631><U+0627><U+0646> <U+062C><U+0648><U+0627><U+0646><U+0645><U+0631><U+062F> <U+0642><U+0635><U+0627><U+0628>",15,2437586.34280852,169152005.6,30,35.6131675,51.4283333
"64","<U+062A><U+0647><U+0631><U+0627><U+0646> <U+062C><U+06CC>",21,3842517.87361451,255078071.719298,120,35.6925926,51.3548809
"65","<U+062A><U+0647><U+0631><U+0627><U+0646> <U+062C><U+06CC><U+062D><U+0648><U+0646>",10,4572116.92177233,261228576,72,35.689556,51.3640407
"66","<U+062A><U+0647><U+0631><U+0627><U+0646> <U+062D><U+0633><U+0646><U+200C><U+0622><U+0628><U+0627><U+062F>",19,6786188.86633777,400827586.206897,36,35.6861362,51.4101403
"67","<U+062A><U+0647><U+0631><U+0627><U+0646> <U+062D><U+0633><U+0646><U+200C><U+0622><U+0628><U+0627><U+062F> <U+0628><U+0627><U+0642><U+0631><U+0641><U+0631>",7,1160653.64642667,81888888.8888889,15,35.3751091,51.2370051
"68","<U+062A><U+0647><U+0631><U+0627><U+0646> <U+062D><U+0633><U+0646><U+200C><U+0622><U+0628><U+0627><U+062F> <U+0634><U+0645><U+0627><U+0644><U+06CC>",29,8150205.20110794,829538221.297619,193,35.7318789,51.3234265
"69","<U+062A><U+0647><U+0631><U+0627><U+0646> <U+062D><U+0634><U+0645><U+062A><U+06CC><U+0647>",56,4413302.3170792,294997643.396226,231,35.7213124,51.4585251
"70","<U+062A><U+0647><U+0631><U+0627><U+0646> <U+062D><U+06A9><U+06CC><U+0645><U+06CC><U+0647>",158,5776406.61589165,555167282.3219,464,35.7392171,51.5833768
"71","<U+062A><U+0647><U+0631><U+0627><U+0646> <U+062E><U+0627><U+0646><U+06CC><U+200C><U+0622><U+0628><U+0627><U+062F>",81,3501807.69177626,281519808.409091,185,35.6891975,51.3889736
"72","<U+062A><U+0647><U+0631><U+0627><U+0646> <U+062E><U+0632><U+0627><U+0646><U+0647>",37,2571046.29662633,189025373.134328,86,35.6406916,51.4149648
"73","<U+062A><U+0647><U+0631><U+0627><U+0646> <U+062E><U+0644><U+06CC><U+062C> <U+0641><U+0627><U+0631><U+0633>",82,2816390.77506402,218065465.57485,201,35.6681054,51.2657995
"74","<U+062A><U+0647><U+0631><U+0627><U+0646> <U+062E><U+0648><U+0631><U+06CC><U+0646>",9,1522119.26821108,100833076.923077,17,35.4023406,51.6386494
"75","<U+062A><U+0647><U+0631><U+0627><U+0646> <U+062F><U+0627><U+0631><U+0622><U+0628><U+0627><U+062F>",52,8154693.98963494,870976904.034483,181,35.8187216,51.4913579
"76","<U+062A><U+0647><U+0631><U+0627><U+0646> <U+062F><U+0627><U+0646><U+0634><U+06AF><U+0627><U+0647> <U+062A><U+0647><U+0631><U+0627><U+0646>",7,4947362.54045723,439656290.625,20,35.7022192,51.3957307
"77","<U+062A><U+0647><U+0631><U+0627><U+0646> <U+062F><U+0628><U+0633><U+062A><U+0627><U+0646>",22,6084960.85922788,522722619.047619,92,35.7392826,51.4521185
"78","<U+062A><U+0647><U+0631><U+0627><U+0646> <U+062F><U+0631><U+0628><U+0646><U+062F>",81,7948267.30260258,951235435.270588,157,35.8233292,51.4250525
"79","<U+062A><U+0647><U+0631><U+0627><U+0646> <U+062F><U+0631><U+062F><U+0634><U+062A>",6,6670398.89419553,591165909.090909,24,35.6393778,51.4129978
"80","<U+062A><U+0647><U+0631><U+0627><U+0646> <U+062F><U+0631><U+0648><U+0627><U+0632><U+0647> <U+0634><U+0645><U+06CC><U+0631><U+0627><U+0646>",4,4454419.03649133,406272739.090909,24,35.698382,51.4440838
"81","<U+062A><U+0647><U+0631><U+0627><U+0646> <U+062F><U+0631><U+0648><U+0633>",16,5886546.20944551,716500000,24,35.7722348,51.4545863
"82","<U+062A><U+0647><U+0631><U+0627><U+0646> <U+062F><U+0631><U+06A9><U+0647>",11,10266578.5408352,1187680000,24,35.809591,51.3811045
"83","<U+062A><U+0647><U+0631><U+0627><U+0646> <U+062F><U+0631><U+06CC><U+0627><U+0646><U+200C><U+0646><U+0648><U+200D>",7,7965900.82857537,882647058.823529,24,35.7127185,51.360076
"84","<U+062A><U+0647><U+0631><U+0627><U+0646> <U+062F><U+0632><U+0627><U+0634><U+06CC><U+0628>",14,10244695.3944248,1.202e+09,24,35.8078244,51.4532734
"85","<U+062A><U+0647><U+0631><U+0627><U+0646> <U+062F><U+0647><U+06A9><U+062F><U+0647> <U+0627><U+0644><U+0645><U+067E><U+06CC><U+06A9>",8,7989859.68868581,602500008.333333,24,35.7608255,51.2618722
"86","<U+062A><U+0647><U+0631><U+0627><U+0646> <U+062F><U+0647><U+200C><U+0648><U+0646><U+06A9>",7,8907197.59237215,912999999.933333,19,35.7670307,51.3915969
"87","<U+062A><U+0647><U+0631><U+0627><U+0646> <U+062F><U+0648><U+0644><U+0627><U+0628>",8,4927894.38088863,269700000,24,35.6663635,51.4611511
"88","<U+062A><U+0647><U+0631><U+0627><U+0646> <U+062F><U+0648><U+0644><U+062A><U+200C><U+0622><U+0628><U+0627><U+062F>",7,3339804.16675079,270714285.714286,24,35.6215638,51.442934
"89","<U+062A><U+0647><U+0631><U+0627><U+0646> <U+062F><U+06CC><U+0644><U+0645><U+0627><U+0646> <U+062C><U+0646><U+0648><U+0628><U+06CC>",10,3290121.3118746,298700000,24,35.6006423,51.4368644
"90","<U+062A><U+0647><U+0631><U+0627><U+0646> <U+0631><U+0628><U+0627><U+0637> <U+06A9><U+0631><U+06CC><U+0645>",14,1141340.89368612,141123000,24,35.4713572,51.0853913
"91","<U+062A><U+0647><U+0631><U+0627><U+0646> <U+0631><U+0648><U+062F><U+0647><U+0646>",8,2510342.06987849,283777777.777778,24,35.7306622,51.9104114
"92","<U+062A><U+0647><U+0631><U+0627><U+0646> <U+0632><U+0631><U+06AF><U+0646><U+062F><U+0647>",2,8584557.50722352,812652173.913043,24,35.7766044,51.4322706
"93","<U+062A><U+0647><U+0631><U+0627><U+0646> <U+0632><U+0639><U+0641><U+0631><U+0627><U+0646><U+06CC><U+0647>",19,5247384.03980967,508200000,24,35.806225,51.4152108
"94","<U+062A><U+0647><U+0631><U+0627><U+0646> <U+0632><U+0647><U+062A><U+0627><U+0628><U+06CC>",12,2880106.34520494,212473684.210526,24,35.6416697,51.3588138
"95","<U+062A><U+0647><U+0631><U+0627><U+0646> <U+0632><U+06CC><U+0646><U+0628><U+06CC><U+0647>",0,5641820.76813656,606666666.666667,3,35.7098416,51.5084375
"96","<U+062A><U+0647><U+0631><U+0627><U+0646> <U+0633><U+0627><U+0632><U+0645><U+0627><U+0646> <U+0622><U+0628>",4,7866637.73872474,741619047.619048,24,35.7124708,51.3981554
"97","<U+062A><U+0647><U+0631><U+0627><U+0646> <U+0633><U+0627><U+0632><U+0645><U+0627><U+0646> <U+0628><U+0631><U+0646><U+0627><U+0645><U+0647>",6,8451415.10722553,794783333.333333,24,35.736221,51.3011555
"98","<U+062A><U+0647><U+0631><U+0627><U+0646> <U+0633><U+062A><U+0627><U+0631><U+062E><U+0627><U+0646>",2,7630243.19082967,711608947.826087,24,35.7201366,51.3577248
"99","<U+062A><U+0647><U+0631><U+0627><U+0646> <U+0633><U+0631><U+0633><U+0628><U+0632>",5,6960380.63604101,615727272.727273,24,35.7353546,51.4949258
"100","<U+062A><U+0647><U+0631><U+0627><U+0646> <U+0633><U+0639><U+0627><U+062F><U+062A><U+200C><U+0622><U+0628><U+0627><U+062F>",17,13024140.8706671,1457428571.42857,24,35.7863269,51.3811045
"101","<U+062A><U+0647><U+0631><U+0627><U+0646> <U+0633><U+0639><U+062F><U+0622><U+0628><U+0627><U+062F>",10,6561039.45981111,1005571428.57143,16,35.815829,51.4239469
"102","<U+062A><U+0647><U+0631><U+0627><U+0646> <U+0633><U+0644><U+0633><U+0628><U+06CC><U+0644>",3,4601586.91618073,282341666.666667,24,35.694101,51.375768
"103","<U+062A><U+0647><U+0631><U+0627><U+0646> <U+0633><U+0644><U+06CC><U+0645><U+0627><U+0646><U+06CC><U+0647>",7,3404416.4234328,216173913.043478,24,35.6823621,51.4572121
"104","<U+062A><U+0647><U+0631><U+0627><U+0646> <U+0633><U+0646><U+06AF><U+0644><U+062C>",7,3486775.4709972,248282608.695652,24,35.677159,51.4125866
"105","<U+062A><U+0647><U+0631><U+0627><U+0646> <U+0633><U+0647><U+0631><U+0648><U+0631><U+062F><U+06CC> <U+062C><U+0646><U+0648><U+0628><U+06CC>",4,6849816.11744821,707390000,24,35.721167,51.4339987
"106","<U+062A><U+0647><U+0631><U+0627><U+0646> <U+0633><U+0647><U+0631><U+0648><U+0631><U+062F><U+06CC> <U+0634><U+0645><U+0627><U+0644><U+06CC>",4,8107401.76781612,814179999.95,24,35.7342254,51.4407626
"107","<U+062A><U+0647><U+0631><U+0627><U+0646> <U+0633><U+0648><U+0647><U+0627><U+0646><U+06A9>",7,8389762.49849427,852416666.666667,24,35.8019828,51.5334078
"108","<U+062A><U+0647><U+0631><U+0627><U+0646> <U+0633><U+06CC><U+062F> <U+062E><U+0646><U+062F><U+0627><U+0646>",4,8350718.18863568,885840909.090909,24,35.741944,51.446944
"109","<U+062A><U+0647><U+0631><U+0627><U+0646> <U+0634><U+0627><U+062F><U+0622><U+0628><U+0627><U+062F>",7,2802260.44093508,184709091.363636,24,35.6578958,51.3037786
"110","<U+062A><U+0647><U+0631><U+0627><U+0646> <U+0634><U+0627><U+062F><U+0645><U+0627><U+0646>",5,6407270.11086888,590761940.952381,24,35.701164,51.3332562
"111","<U+062A><U+0647><U+0631><U+0627><U+0646> <U+0634><U+0627><U+0647><U+06CC><U+0646>",8,8806342.34540464,828282352.941176,24,35.7622368,51.3144493
"112","<U+062A><U+0647><U+0631><U+0627><U+0646> <U+0634><U+0627><U+067E><U+0648><U+0631>",11,3136183.47826278,224744285.714286,24,35.6730004,51.4078074
"113","<U+062A><U+0647><U+0631><U+0627><U+0646> <U+0634><U+0631><U+06CC><U+0641><U+200C><U+0622><U+0628><U+0627><U+062F>",14,1140082.45176387,146133333.333333,24,35.4245642,51.7862672
"114","<U+062A><U+0647><U+0631><U+0627><U+0646> <U+0634><U+0645><U+0633><U+200C><U+0622><U+0628><U+0627><U+062F>",3,7308184.10566718,672400031.904762,24,35.7458784,51.4757892
"115","<U+062A><U+0647><U+0631><U+0627><U+0646> <U+0634><U+0645><U+06CC><U+0631><U+0627><U+0646><U+200C><U+0646><U+0648>",8,2788505.28108988,160818181.818182,24,35.7528145,51.5018679
"116","<U+062A><U+0647><U+0631><U+0627><U+0646> <U+0634><U+0647><U+0631> <U+0631><U+06CC>",11,3041276.11061536,2.15e+08,24,35.5770451,51.4624642
"117","<U+062A><U+0647><U+0631><U+0627><U+0646> <U+0634><U+0647><U+0631> <U+0632><U+06CC><U+0628><U+0627>",0,6596744.31510519,589857083.333333,24,35.7485236,51.2906776
"118","<U+062A><U+0647><U+0631><U+0627><U+0646> <U+0634><U+0647><U+0631> <U+0642><U+062F><U+0633>",12,1657491.77447088,127030952.380952,24,35.70265,51.1062824
"119","<U+062A><U+0647><U+0631><U+0627><U+0646> <U+0634><U+0647><U+0631><U+0622><U+0631><U+0627>",6,8323263.11136196,898578947.368421,24,35.7141494,51.3719058
"120","<U+062A><U+0647><U+0631><U+0627><U+0646> <U+0634><U+0647><U+0631><U+0627><U+0646> <U+062C><U+0646><U+0648><U+0628><U+06CC>",2,7222236.43549825,660113665.227273,24,35.7571615,51.2919873
"121","<U+062A><U+0647><U+0631><U+0627><U+0646> <U+0634><U+0647><U+0631><U+0627><U+0646> <U+0634><U+0645><U+0627><U+0644><U+06CC>",1,7187440.9567123,617083333.333333,24,35.7737737,51.2867489
"122","<U+062A><U+0647><U+0631><U+0627><U+0646> <U+0634><U+0647><U+0631><U+06A9> <U+0622><U+0632><U+0627><U+062F><U+06CC>",9,6693951.18209476,549772727.272727,24,35.7117545,51.2725833
"123","<U+062A><U+0647><U+0631><U+0627><U+0646> <U+0634><U+0647><U+0631><U+06A9> <U+0622><U+0633><U+0645><U+0627><U+0646>",1,4242537.31343284,3.53e+08,3,35.756949,51.2053546
"124","<U+062A><U+0647><U+0631><U+0627><U+0646> <U+0634><U+0647><U+0631><U+06A9> <U+0622><U+067E><U+0627><U+062F><U+0627><U+0646><U+0627>",4,6850393.7007874,6.7e+08,6,35.7088674,51.3270177
"125","<U+062A><U+0647><U+0631><U+0627><U+0646> <U+0634><U+0647><U+0631><U+06A9> <U+0627><U+0628><U+0648><U+0630><U+0631>",3,661538.461538462,56500000,4,35.7966929,51.5209215
"126","<U+062A><U+0647><U+0631><U+0627><U+0646> <U+0634><U+0647><U+0631><U+06A9> <U+0627><U+0631><U+063A><U+0648><U+0627><U+0646>",2,6808645.58078114,476909090.909091,24,35.7772404,51.3280127
"127","<U+062A><U+0647><U+0631><U+0627><U+0646> <U+0634><U+0647><U+0631><U+06A9> <U+0627><U+0645><U+0627><U+0645> <U+062E><U+0645><U+06CC><U+0646><U+06CC>",4,2291102.51450677,127600000,6,35.6560704,51.3122901
"128","<U+062A><U+0647><U+0631><U+0627><U+0646> <U+0634><U+0647><U+0631><U+06A9> <U+0627><U+0645><U+06CC><U+062F>",7,9424189.81481482,1088333333.33333,11,35.7630435,51.5320934
"129","<U+062A><U+0647><U+0631><U+0627><U+0646> <U+0634><U+0647><U+0631><U+06A9> <U+0627><U+0646><U+0635><U+0627><U+0631>",3,2635000,3.34e+08,5,35.710992,51.2592542
"130","<U+062A><U+0647><U+0631><U+0627><U+0646> <U+0634><U+0647><U+0631><U+06A9> <U+0628><U+062E><U+0627><U+0631><U+0627><U+06CC><U+06CC>",1,4256521.73913043,2.31e+08,3,35.6531467,51.4213452
"131","<U+062A><U+0647><U+0631><U+0627><U+0646> <U+0634><U+0647><U+0631><U+06A9> <U+0628><U+0639><U+062B><U+062A>",7,1934178.74396135,127200000,11,35.6202494,51.400779
"132","<U+062A><U+0647><U+0631><U+0627><U+0646> <U+0634><U+0647><U+0631><U+06A9> <U+062A><U+062E><U+062A><U+06CC>",4,3904036.28117914,252571428.571429,9,35.6252067,51.4138987
"133","<U+062A><U+0647><U+0631><U+0627><U+0646> <U+0634><U+0647><U+0631><U+06A9> <U+062F><U+0627><U+0646><U+0634><U+06AF><U+0627><U+0647>",10,6553864.2826237,574973684.210526,24,35.7763341,51.317203
"134","<U+062A><U+0647><U+0631><U+0627><U+0646> <U+0634><U+0647><U+0631><U+06A9> <U+062F><U+0631><U+06CC><U+0627>",8,3434960.21220159,322175000,13,35.6860774,51.2396222
"135","<U+062A><U+0647><U+0631><U+0627><U+0646> <U+0634><U+0647><U+0631><U+06A9> <U+0631><U+0636><U+0648><U+0627><U+0646>",4,2371194.02336794,124833800,7,35.5834019,51.4568839
"136","<U+062A><U+0647><U+0631><U+0627><U+0646> <U+0634><U+0647><U+0631><U+06A9> <U+0631><U+0636><U+0648><U+06CC><U+0647>",6,2477250.32343215,135956527.173913,24,35.6111244,51.4962334
"137","<U+062A><U+0647><U+0631><U+0627><U+0646> <U+0634><U+0647><U+0631><U+06A9> <U+0634><U+0627><U+0647><U+06CC><U+0646>",6,7120370.69355822,538277777.777778,24,35.7425269,51.311635
"138","<U+062A><U+0647><U+0631><U+0627><U+0646> <U+0634><U+0647><U+0631><U+06A9> <U+0634><U+0631><U+06CC><U+0639><U+062A><U+06CC>",10,3757036.68276939,303222222.222222,24,35.6319803,51.3732363
"139","<U+062A><U+0647><U+0631><U+0627><U+0646> <U+0634><U+0647><U+0631><U+06A9> <U+0634><U+0631><U+06CC><U+0641><U+06CC>",22,2225886.74253769,122598214.285714,36,35.7503104,51.5095359
"140","<U+062A><U+0647><U+0631><U+0627><U+0646> <U+0634><U+0647><U+0631><U+06A9> <U+0634><U+0647><U+0631><U+062F><U+0627><U+0631><U+06CC>",2,3219606.16438356,5e+08,4,35.7266092,51.1827231
"141","<U+062A><U+0647><U+0631><U+0627><U+0646> <U+0634><U+0647><U+0631><U+06A9> <U+0634><U+0647><U+06CC><U+062F> <U+0645><U+0641><U+062A><U+062D>",5,1978349.67320261,127285714.285714,9,35.5717415,51.4545863
"142","<U+062A><U+0647><U+0631><U+0627><U+0646> <U+0634><U+0647><U+0631><U+06A9> <U+0637><U+0627><U+0644><U+0642><U+0627><U+0646><U+06CC>",6,4018007.73261429,158500192.307692,14,35.6607842,51.2710362
"143","<U+062A><U+0647><U+0631><U+0627><U+0646> <U+0634><U+0647><U+0631><U+06A9> <U+0639><U+0628><U+0627><U+0633><U+067E><U+0648><U+0631>",0,5857432.43243243,223750000,4,35.5900931,51.4506477
"144","<U+062A><U+0647><U+0631><U+0627><U+0646> <U+0634><U+0647><U+0631><U+06A9> <U+0639><U+0628><U+0627><U+0633><U+06CC>",0,1862962.96296296,1.63e+08,3,35.5826148,51.4447402
"145","<U+062A><U+0647><U+0631><U+0627><U+0646> <U+0634><U+0647><U+0631><U+06A9> <U+063A><U+0631><U+0628>",13,10681795.9420688,1256846153.84615,24,35.7564144,51.3758589
"146","<U+062A><U+0647><U+0631><U+0627><U+0646> <U+0634><U+0647><U+0631><U+06A9> <U+063A><U+0632><U+0627><U+0644><U+06CC>",3,2348749.92945426,2.75e+08,6,35.7309155,51.1650749
"147","<U+062A><U+0647><U+0631><U+0627><U+0646> <U+0634><U+0647><U+0631><U+06A9> <U+0641><U+0627><U+0637><U+0645><U+0647> <U+0627><U+0644><U+0632><U+0647><U+0631><U+0627>",3,NA,1.11e+08,3,35.6888875,51.2374482
"148","<U+062A><U+0647><U+0631><U+0627><U+0646> <U+0634><U+0647><U+0631><U+06A9> <U+0641><U+0631><U+062F><U+0648><U+0633>",26,3755760.44119163,265366110.169492,72,35.6658301,51.3246669
"149","<U+062A><U+0647><U+0631><U+0627><U+0646> <U+0634><U+0647><U+0631><U+06A9> <U+0641><U+0631><U+0647><U+0646><U+06AF><U+06CC><U+0627><U+0646>",8,5042017.44659616,443148148.148148,31,35.71297,51.2828204
"150","<U+062A><U+0647><U+0631><U+0627><U+0646> <U+0634><U+0647><U+0631><U+06A9> <U+0641><U+0631><U+0647><U+0646><U+06AF><U+06CC><U+0627><U+0646> <U+063A><U+0631><U+0628>",6,4569989.39554613,319000032,8,35.7381409,51.3660247
"151","<U+062A><U+0647><U+0631><U+0627><U+0646> <U+0634><U+0647><U+0631><U+06A9> <U+0642><U+062F><U+0633>",15,9284314.90847731,1026363881.81818,24,35.7564144,51.3758589
"152","<U+062A><U+0647><U+0631><U+0627><U+0646> <U+0634><U+0647><U+0631><U+06A9> <U+0645><U+062D><U+0644><U+0627><U+062A><U+06CC>",21,7955408.95859164,937272727.272727,54,35.8040388,51.5110655
"153","<U+062A><U+0647><U+0631><U+0627><U+0646> <U+0634><U+0647><U+0631><U+06A9> <U+0646><U+0641><U+062A>",16,7987658.1004931,742828755.875,86,35.7873671,51.3378413
"154","<U+062A><U+0647><U+0631><U+0627><U+0646> <U+0634><U+0647><U+0631><U+06A9> <U+0647><U+062C><U+0631><U+062A>",0,3557014.10658307,203750000,4,35.6304539,51.4401459
"155","<U+062A><U+0647><U+0631><U+0627><U+0646> <U+0634><U+0647><U+0631><U+06A9> <U+0648><U+0627><U+0644><U+0641><U+062C><U+0631>",11,7639162.26884232,804188888.888889,36,35.7454135,51.3929085
"156","<U+062A><U+0647><U+0631><U+0627><U+0646> <U+0634><U+0647><U+0631><U+06A9> <U+0648><U+0644><U+06CC><U+0639><U+0635><U+0631>",7,2811584.307269,260429166.666667,24,35.6493669,51.3391518
"157","<U+062A><U+0647><U+0631><U+0627><U+0646> <U+0634><U+0647><U+0631><U+06A9> <U+0648><U+06CC><U+0644><U+0627><U+0634><U+0647><U+0631>",8,3823255.81395349,303666666.666667,12,35.7266071,51.1781472
"158","<U+062A><U+0647><U+0631><U+0627><U+0646> <U+0634><U+0647><U+0631><U+06A9> <U+067E><U+0627><U+0631><U+0633>",2,6549359.63494095,744787500,17,35.6891975,51.3889736
"159","<U+062A><U+0647><U+0631><U+0627><U+0646> <U+0634><U+0647><U+0631><U+06A9> <U+067E><U+0627><U+0633><U+062F><U+0627><U+0631><U+0627><U+0646>",8,4430099.15665044,416413043.478261,24,35.6957019,51.2618722
"160","<U+062A><U+0647><U+0631><U+0627><U+0646> <U+0634><U+0647><U+0631><U+06A9> <U+067E><U+0631><U+0648><U+0627><U+0632>",2,7770614.86453307,643195652.173913,24,35.7242507,51.3063951
"161","<U+062A><U+0647><U+0631><U+0627><U+0646> <U+0634><U+0647><U+0631><U+06A9> <U+0686><U+0634><U+0645><U+0647>",5,6937133.9642568,685130434.782609,24,35.748204,51.2592542
"162","<U+062A><U+0647><U+0631><U+0627><U+0646> <U+0634><U+0647><U+0631><U+06A9> <U+0698><U+0627><U+0646><U+062F><U+0627><U+0631><U+0645><U+0631><U+06CC>",11,10040677.7054922,1014692307.69231,24,35.7324986,51.3588138
"163","<U+062A><U+0647><U+0631><U+0627><U+0646> <U+0634><U+0647><U+0631><U+06A9> <U+06A9><U+0645><U+0627><U+0644><U+06CC>",3,9266666.66666667,370333333.333333,4,35.6054993,51.4296457
"164","<U+062A><U+0647><U+0631><U+0627><U+0646> <U+0634><U+0647><U+0631><U+06A9> <U+06A9><U+0648><U+0647><U+0633><U+0627><U+0631>",18,7356128.3276504,655613781.578947,105,35.781556,51.3332544
"165","<U+062A><U+0647><U+0631><U+0627><U+0646> <U+0634><U+0647><U+0631><U+06A9> <U+06A9><U+06CC><U+0627><U+0646><U+0634><U+0647><U+0631>",11,2693274.82445588,226272727.272727,24,35.6324046,51.4545863
"166","<U+062A><U+0647><U+0631><U+0627><U+0646> <U+0634><U+0647><U+0631><U+06A9> <U+06AF><U+0644><U+0633><U+062A><U+0627><U+0646>",51,6338078.50773067,614105612.909091,91,35.7610764,51.5222357
"167","<U+062A><U+0647><U+0631><U+0627><U+0646> <U+0634><U+0647><U+0631><U+06A9> <U+06AF><U+0644><U+0633><U+062A><U+0627><U+0646> <U+063A><U+0631><U+0628><U+06CC>",3,7488372.02438167,837904762.285714,24,35.7491996,51.2160717
"168","<U+062A><U+0647><U+0631><U+0627><U+0646> <U+0634><U+0647><U+0631><U+06A9> <U+06AF><U+0644><U+0647><U+0627>",7,6228522.69562796,623541666.666667,14,35.7147367,51.3388242
"169","<U+062A><U+0647><U+0631><U+0627><U+0646> <U+0634><U+0647><U+0631><U+06CC><U+0627><U+0631>",45,1546559.89580788,114038356.164384,96,35.6706771,51.0227587
"170","<U+062A><U+0647><U+0631><U+0627><U+0646> <U+0634><U+0648><U+0634>",13,4600925.31312933,202823809.52381,24,35.6584351,51.4401459
"171","<U+062A><U+0647><U+0631><U+0627><U+0646> <U+0634><U+06A9><U+0648><U+0641><U+0647>",9,4821956.03283575,309000012.272727,24,35.6846654,51.4506616
"172","<U+062A><U+0647><U+0631><U+0627><U+0646> <U+0634><U+06CC><U+0627><U+0646>",22,8353949.95570237,937218635.48421,111,35.7724693,51.495299
"173","<U+062A><U+0647><U+0631><U+0627><U+0646> <U+0634><U+06CC><U+062E> <U+0627><U+0644><U+0631><U+0626><U+06CC><U+0633>",16,4128777.49753296,318741309.52381,47,35.6875494,51.4567963
"174","<U+062A><U+0647><U+0631><U+0627><U+0646> <U+0634><U+06CC><U+062E> <U+0647><U+0627><U+062F><U+06CC>",18,4222552.20791989,354670010,53,35.6938151,51.4073385
"175","<U+062A><U+0647><U+0631><U+0627><U+0646> <U+0634><U+06CC><U+0631><U+0627><U+0632><U+06CC>",15,6995904.97278699,794062500,24,35.7380148,51.5852715
"176","<U+062A><U+0647><U+0631><U+0627><U+0646> <U+0635><U+0627><U+062F><U+0642><U+06CC><U+0647>",5,7117130.34296046,635421052.631579,24,35.722547,51.3417731
"177","<U+062A><U+0647><U+0631><U+0627><U+0646> <U+0635><U+062F> <U+062F><U+0633><U+062A><U+06AF><U+0627><U+0647>",23,5434792.03814372,332103297.87234,54,35.6869677,51.4755961
"178","<U+062A><U+0647><U+0631><U+0627><U+0646> <U+0636><U+0631><U+0627><U+0628><U+062E><U+0627><U+0646><U+0647>",9,7524238.36121608,833667300,24,35.7585855,51.4585251
"179","<U+062A><U+0647><U+0631><U+0627><U+0646> <U+0637><U+0627><U+0644><U+0642><U+0627><U+0646><U+06CC>",3,5881192.59895728,545714285.714286,24,35.7067018,51.4153699
"180","<U+062A><U+0647><U+0631><U+0627><U+0646> <U+0637><U+0631><U+0634><U+062A>",21,6542644.27959291,589027404.836299,288,35.7045767,51.3496375
"181","<U+062A><U+0647><U+0631><U+0627><U+0646> <U+0638><U+0641><U+0631>",6,9652561.99273914,999884210.526316,24,35.7569934,51.2521188
"182","<U+062A><U+0647><U+0631><U+0627><U+0646> <U+0638><U+0647><U+06CC><U+0631><U+0622><U+0628><U+0627><U+062F>",5,2526443.56211004,143889255.555556,10,35.598436,51.448022
"183","<U+062A><U+0647><U+0631><U+0627><U+0646> <U+0639><U+0628><U+0627><U+0633><U+200C><U+0622><U+0628><U+0627><U+062F>",28,7407467.64019745,796207731.958763,120,35.7419293,51.4368236
"184","<U+062A><U+0647><U+0631><U+0627><U+0646> <U+0639><U+0628><U+062F><U+0644><U+200C><U+0622><U+0628><U+0627><U+062F>",15,2534378.32242708,221578571.428571,31,35.619726,51.3771606
"185","<U+062A><U+0647><U+0631><U+0627><U+0646> <U+0639><U+0634><U+0631><U+062A><U+200C><U+0622><U+0628><U+0627><U+062F>",31,4232776.4124941,289699907.692308,144,35.762512,50.150211
"186","<U+062A><U+0647><U+0631><U+0627><U+0646> <U+0639><U+0644><U+0645> <U+0648> <U+0635><U+0646><U+0639><U+062A>",1,6188858.32317328,553733333.333333,24,35.742474,51.5023103
"187","<U+062A><U+0647><U+0631><U+0627><U+0646> <U+0639><U+0644><U+06CC><U+200C><U+0622><U+0628><U+0627><U+062F> <U+062C><U+0646><U+0648><U+0628><U+06CC>",6,2527963.59697521,183527272.727273,24,35.6251783,51.423084
"188","<U+062A><U+0647><U+0631><U+0627><U+0646> <U+0639><U+0644><U+06CC><U+200C><U+0622><U+0628><U+0627><U+062F> <U+0634><U+0645><U+0627><U+0644><U+06CC>",10,2938713.86212009,172777811.111111,14,35.6294896,51.4157849
"189","<U+062A><U+0647><U+0631><U+0627><U+0646> <U+0641><U+0627><U+0637><U+0645><U+06CC>",30,7566538.68209097,841988405.797101,96,35.7670063,51.3804901
"190","<U+062A><U+0647><U+0631><U+0627><U+0646> <U+0641><U+062F><U+06A9>",9,5067811.2623605,360811111.111111,48,35.7265325,51.4758128
"191","<U+062A><U+0647><U+0631><U+0627><U+0646> <U+0641><U+0631><U+062D><U+0632><U+0627><U+062F>",5,8065993.6938963,763642857.142857,24,35.7863156,51.3442732
"192","<U+062A><U+0647><U+0631><U+0627><U+0646> <U+0641><U+0631><U+062D><U+200C><U+0622><U+0628><U+0627><U+062F>",26,5563659.78945862,483623008.849558,119,35.6796231,51.4808497
"193","<U+062A><U+0647><U+0631><U+0627><U+0646> <U+0641><U+0631><U+0645><U+0627><U+0646><U+06CC><U+0647>",16,11599932.241735,1134925000,24,35.8030771,51.459925
"194","<U+062A><U+0647><U+0631><U+0627><U+0646> <U+0641><U+0631><U+0648><U+062F><U+06AF><U+0627><U+0647> <U+0645><U+0647><U+0631><U+200C><U+0622><U+0628><U+0627><U+062F>",2,13636363.6363636,218066666.666667,3,35.6899882,51.311241
"195","<U+062A><U+0647><U+0631><U+0627><U+0646> <U+0641><U+0634><U+0645>",17,5466300.36630037,483385192.307692,24,35.9396485,51.5281501
"196","<U+062A><U+0647><U+0631><U+0627><U+0646> <U+0641><U+0644><U+0627><U+062D>",64,2667350.24917287,170790664.746377,168,35.633581,51.3974995
"197","<U+062A><U+0647><U+0631><U+0627><U+0646> <U+0641><U+06CC><U+0631><U+0648><U+0632><U+06A9><U+0648><U+0647>",31,1429837.22531283,92909411.7647059,49,35.7549861,52.7723553
"198","<U+062A><U+0647><U+0631><U+0627><U+0646> <U+0642><U+0631><U+0686><U+06A9>",19,1459577.25464191,90075100,24,35.4367428,51.5724154
"199","<U+062A><U+0647><U+0631><U+0627><U+0646> <U+0642><U+0632><U+0644> <U+0642><U+0644><U+0639><U+0647>",6,8540940.6173921,1059545454.54545,17,35.7297832,51.3915969
"200","<U+062A><U+0647><U+0631><U+0627><U+0646> <U+0642><U+0635><U+0631>",11,5449371.20862193,391711388.076923,72,35.727657,51.4506477
"201","<U+062A><U+0647><U+0631><U+0627><U+0646> <U+0642><U+0644><U+0639><U+0647> <U+0641><U+062A><U+062D><U+200C><U+0622><U+0628><U+0627><U+062F>",1,4880852.84280936,418666666.666667,3,35.6891975,51.3889736
"202","<U+062A><U+0647><U+0631><U+0627><U+0646> <U+0642><U+0644><U+0647><U+06A9>",10,8732181.11506008,1062950000,24,35.7729224,51.4440838
"203","<U+062A><U+0647><U+0631><U+0627><U+0646> <U+0642><U+0646><U+0627><U+062A><U+200C><U+06A9><U+0648><U+062B><U+0631>",1,6491920.1044833,498173913.043478,24,35.7578016,51.5283119
"204","<U+062A><U+0647><U+0631><U+0627><U+0646> <U+0642><U+06CC><U+0627><U+0645><U+062F><U+0634><U+062A>",16,1462376.28067882,97684210.5263158,24,35.52529,51.65445
"205","<U+062A><U+0647><U+0631><U+0627><U+0646> <U+0642><U+06CC><U+0637><U+0631><U+06CC><U+0647>",17,8081945.57622558,1080033600,24,35.7915474,51.4440838
"206","<U+062A><U+0647><U+0631><U+0627><U+0646> <U+0644><U+0648><U+0627><U+0633><U+0627><U+0646>",12,6103809.21361039,736647326.666667,24,35.8203263,51.6254851
"207","<U+062A><U+0647><U+0631><U+0627><U+0646> <U+0644><U+0648><U+06CC><U+0632><U+0627><U+0646>",4,6273640.0308176,571009091.272727,24,35.7727916,51.4992403
"208","<U+062A><U+0647><U+0631><U+0627><U+0646> <U+0645><U+0628><U+0627><U+0631><U+06A9><U+200C><U+0622><U+0628><U+0627><U+062F>",4,5673075.04248531,523409090.909091,14,35.7648597,51.4782228
"209","<U+062A><U+0647><U+0631><U+0627><U+0646> <U+0645><U+062C><U+0645><U+0648><U+0639><U+0647> <U+0648><U+0631><U+0632><U+0634><U+06AF><U+0627><U+0647> <U+0622><U+0632><U+0627><U+062F><U+06CC>",6,6012705.66152208,708266545.652174,24,35.7244631,51.2756365
"210","<U+062A><U+0647><U+0631><U+0627><U+0646> <U+0645><U+062C><U+06CC><U+062F><U+06CC><U+0647>",2,5815516.42883093,4.36e+08,24,35.735846,51.4687213
"211","<U+062A><U+0647><U+0631><U+0627><U+0646> <U+0645><U+062C><U+06CC><U+062F><U+200C><U+0622><U+0628><U+0627><U+062F>",6,5700810.02061507,570708333.333333,14,35.7640046,51.5439245
"212","<U+062A><U+0647><U+0631><U+0627><U+0646> <U+0645><U+062D><U+0645><U+0648><U+062F><U+06CC><U+0647>",19,9039903.56997501,974160440,24,35.7952567,51.4138987
"213","<U+062A><U+0647><U+0631><U+0627><U+0646> <U+0645><U+0631><U+0627><U+062F><U+0622><U+0628><U+0627><U+062F>",1,8162878.78787879,7.75e+08,3,35.5402089,51.3155653
"214","<U+062A><U+0647><U+0631><U+0627><U+0646> <U+0645><U+0631><U+0632><U+062F><U+0627><U+0631><U+0627><U+0646>",8,10623270.9735176,988500000,24,35.7344665,51.3522164
"215","<U+062A><U+0647><U+0631><U+0627><U+0646> <U+0645><U+0633><U+0639><U+0648><U+062F><U+06CC><U+0647>",10,4982983.10848286,216990476.190476,24,35.6268969,51.5018679
"216","<U+062A><U+0647><U+0631><U+0627><U+0646> <U+0645><U+0634><U+06CC><U+0631><U+06CC><U+0647>",14,3046757.43296038,196210526.315789,24,35.6249885,51.4782228
"217","<U+062A><U+0647><U+0631><U+0627><U+0646> <U+0645><U+0637><U+0647><U+0631><U+06CC>",33,7216400.69110824,692715569.45509,192,35.6814723,51.4449444
"218","<U+062A><U+0647><U+0631><U+0627><U+0646> <U+0645><U+0644><U+06A9><U+200C><U+0622><U+0628><U+0627><U+062F>",2,1983588.00226372,117500000,4,35.5616227,51.2736547
"219","<U+062A><U+0647><U+0631><U+0627><U+0646> <U+0645><U+0646><U+0635><U+0648><U+0631><U+06CC><U+0647>",7,3049882.345892,232275000,15,35.6094621,51.4401459
"220","<U+062A><U+0647><U+0631><U+0627><U+0646> <U+0645><U+0646><U+0638><U+0631><U+06CC><U+0647>",16,7234116.75066467,878812831.25,24,35.816247,51.465711
"221","<U+062A><U+0647><U+0631><U+0627><U+0646> <U+0645><U+0646><U+06CC><U+0631><U+06CC><U+0647>",10,4916057.45745232,448190476.190476,24,35.6842281,51.4014531
"222","<U+062A><U+0647><U+0631><U+0627><U+0646> <U+0645><U+0647><U+0631><U+0622><U+0628><U+0627><U+062F> <U+062C><U+0646><U+0648><U+0628><U+06CC>",11,3010753.20734532,225881777.894737,24,35.67533,51.3339097
"223","<U+062A><U+0647><U+0631><U+0627><U+0646> <U+0645><U+0647><U+0631><U+0627><U+0646>",6,8775995.15224954,958288421.052632,24,35.7489455,51.4545863
"224","<U+062A><U+0647><U+0631><U+0627><U+0646> <U+0645><U+0648><U+0644><U+0648><U+06CC>",9,2302946.73334333,151175000,24,35.6677502,51.4163624
"225","<U+062A><U+0647><U+0631><U+0627><U+0646> <U+0645><U+06CC><U+062F><U+0627><U+0646> <U+0622><U+0632><U+0627><U+062F><U+06CC>",7,5100001.43487492,382750000,24,35.6987007,51.3375248
"226","<U+062A><U+0647><U+0631><U+0627><U+0646> <U+0645><U+06CC><U+062F><U+0627><U+0646> <U+0627><U+0646><U+0642><U+0644><U+0627><U+0628>",4,5610913.41329008,491409090.909091,24,35.7010765,51.3915281
"227","<U+062A><U+0647><U+0631><U+0627><U+0646> <U+0645><U+06CC><U+062F><U+0627><U+0646> <U+062D><U+0631>",7,2981648.98619462,262513661.363636,24,35.6884303,51.3930423
"228","<U+062A><U+0647><U+0631><U+0627><U+0646> <U+0645><U+06CC><U+062F><U+0627><U+0646> <U+0648><U+0644><U+06CC><U+0639><U+0635><U+0631>",6,5499862.16142694,582505291,24,35.7115043,51.4074772
"229","<U+062A><U+0647><U+0631><U+0627><U+0646> <U+0645><U+06CC><U+0631><U+062F><U+0627><U+0645><U+0627><U+062F>",8,9503944.51572506,1039800000,24,35.7607609,51.4282686
"230","<U+062A><U+0647><U+0631><U+0627><U+0646> <U+0646><U+0627><U+0631><U+0645><U+06A9>",2,7288367.12812255,755909090.909091,24,35.7507718,51.5129624
"231","<U+062A><U+0647><U+0631><U+0627><U+0646> <U+0646><U+0627><U+0632><U+06CC><U+200C><U+0622><U+0628><U+0627><U+062F>",5,3919710.87448644,338850000,24,35.6452237,51.4020909
"232","<U+062A><U+0647><U+0631><U+0627><U+0646> <U+0646><U+0638><U+0627><U+0645><U+200C><U+0622><U+0628><U+0627><U+062F>",5,3396689.60298851,230763636.363636,24,35.7093445,51.4598318
"233","<U+062A><U+0647><U+0631><U+0627><U+0646> <U+0646><U+0639><U+0645><U+062A><U+200C><U+0622><U+0628><U+0627><U+062F>",12,2236882.79643444,169530004,24,35.6320248,51.3548809
"234","<U+062A><U+0647><U+0631><U+0627><U+0646> <U+0646><U+0648><U+0627><U+0628>",2,2696664.24819516,1.64e+08,24,35.6944716,51.3792704
"235","<U+062A><U+0647><U+0631><U+0627><U+0646> <U+0646><U+06CC><U+0627><U+0648><U+0631><U+0627><U+0646>",17,7889451.92192673,994687500,24,35.8159219,51.4702212
"236","<U+062A><U+0647><U+0631><U+0627><U+0646> <U+0646><U+06CC><U+0631><U+0648> <U+0647><U+0648><U+0627><U+06CC><U+06CC>",4,6502475.99953902,759931818.181818,24,35.7016246,51.4742828
"237","<U+062A><U+0647><U+0631><U+0627><U+0646> <U+0647><U+0627><U+0634><U+0645><U+200C><U+0622><U+0628><U+0627><U+062F>",20,2580798.51528913,171100004.285714,48,35.6423415,51.4716563
"238","<U+062A><U+0647><U+0631><U+0627><U+0646> <U+0647><U+0641><U+062A><U+200C> <U+062D><U+0648><U+0636>",29,7888859.93342456,689845125.801527,144,35.7301196,51.4930202
"239","<U+062A><U+0647><U+0631><U+0627><U+0646> <U+0648><U+062D><U+06CC><U+062F><U+06CC><U+0647>",4,4181409.02972499,287416672.041667,24,35.7159571,51.4690298
"240","<U+062A><U+0647><U+0631><U+0627><U+0646> <U+0648><U+0631><U+0627><U+0645><U+06CC><U+0646>",16,1328687.21352177,72730555.5555556,24,35.3252407,51.6471987
"241","<U+062A><U+0647><U+0631><U+0627><U+0646> <U+0648><U+0631><U+062F><U+0622><U+0648><U+0631><U+062F>",59,3191738.17418291,322950623.72093,158,35.7371903,51.129793
"242","<U+062A><U+0647><U+0631><U+0627><U+0646> <U+0648><U+0635><U+0641><U+0646><U+0627><U+0631><U+062F>",14,2388204.96400152,172627500.225,43,35.6891975,51.3889736
"243","<U+062A><U+0647><U+0631><U+0627><U+0646> <U+0648><U+0644><U+0646><U+062C><U+06A9>",230,6684481.39338709,739636673.344444,312,35.806632,51.4001893
"244","<U+062A><U+0647><U+0631><U+0627><U+0646> <U+0648><U+0646><U+06A9>",10,8658921.97013007,1063785714.28571,24,35.7623756,51.3915969
"245","<U+062A><U+0647><U+0631><U+0627><U+0646> <U+064A><U+0627><U+062E><U+0686><U+06CC><U+200C><U+0622><U+0628><U+0627><U+062F>",16,4165905.19563336,328886989.130435,29,35.626574,51.4020909
"246","<U+062A><U+0647><U+0631><U+0627><U+0646> <U+064A><U+0627><U+0641><U+062A><U+200C><U+0622><U+0628><U+0627><U+062F>",14,2546173.52809229,183302381.395349,48,35.6657266,51.3187582
"247","<U+062A><U+0647><U+0631><U+0627><U+0646> <U+067E><U+0627><U+0631><U+06A9> <U+0622><U+0632><U+0627><U+062F><U+06AF><U+0627><U+0646>",10,3090823.09678151,274727272.727273,14,35.6308774,51.4744885
"248","<U+062A><U+0647><U+0631><U+0627><U+0646> <U+067E><U+0627><U+0631><U+06A9> <U+0634><U+0647><U+0631>",6,4091895.24414244,358281818.181818,11,35.6830127,51.414067
"249","<U+062A><U+0647><U+0631><U+0627><U+0646> <U+067E><U+0627><U+0631><U+06A9> <U+0644><U+0627><U+0644><U+0647>",3,6178950.67366979,651714285.714286,7,35.7111923,51.3928729
"250","<U+062A><U+0647><U+0631><U+0627><U+0646> <U+067E><U+0627><U+0633><U+062F><U+0627><U+0631><U+0627><U+0646>",16,10187301.5169207,1138500000,24,35.7814084,51.4681359
"251","<U+062A><U+0647><U+0631><U+0627><U+0646> <U+067E><U+0627><U+0645><U+0646><U+0627><U+0631>",11,4284943.34726361,330904761.904762,24,35.6811266,51.423084
"252","<U+062A><U+0647><U+0631><U+0627><U+0646> <U+067E><U+0627><U+06A9><U+062F><U+0634><U+062A>",14,907863.122171946,78095238.0952381,24,35.4684277,51.7466948
"253","<U+062A><U+0647><U+0631><U+0627><U+0646> <U+067E><U+0631><U+062F><U+06CC><U+0633>",18,1895313.34871379,133562500,24,35.7417006,51.7808011
"254","<U+062A><U+0647><U+0631><U+0627><U+0646> <U+067E><U+0631><U+062F><U+06CC><U+0633><U+0627><U+0646>",12,6176119.5879938,311500000,19,35.7411421,51.3601248
"255","<U+062A><U+0647><U+0631><U+0627><U+0646> <U+067E><U+0631><U+0646><U+062F>",11,631831.39169033,47218181.8181818,24,35.5005603,50.9185071
"256","<U+062A><U+0647><U+0631><U+0627><U+0646> <U+067E><U+0644> <U+0631><U+0648><U+0645><U+06CC>",4,10137164.7170444,1150428571.42857,24,35.7929766,51.4343126
"257","<U+062A><U+0647><U+0631><U+0627><U+0646> <U+067E><U+0648><U+0646><U+06A9>",4,7490179.59815627,620850000,24,35.7611134,51.3391518
"258","<U+062A><U+0647><U+0631><U+0627><U+0646> <U+067E><U+06CC><U+0631><U+0648><U+0632><U+06CC>",8,5053528.50601058,361400000,24,35.6913606,51.4722357
"259","<U+062A><U+0647><U+0631><U+0627><U+0646> <U+067E><U+06CC><U+06A9><U+0627><U+0646> <U+0634><U+0647><U+0631>",8,4331617.64705882,379750000,12,35.7317562,51.1840306
"260","<U+062A><U+0647><U+0631><U+0627><U+0646> <U+0686><U+0647><U+0627><U+0631><U+0635><U+062F> <U+062F><U+0633><U+062A><U+06AF><U+0627><U+0647>",0,3586088.85017422,3.65e+08,4,35.6882559,51.459227
"261","<U+062A><U+0647><U+0631><U+0627><U+0646> <U+0686><U+06CC><U+062A><U+06AF><U+0631>",24,5779923.58012761,637153333.333333,72,35.7338831,51.2096681
"262","<U+062A><U+0647><U+0631><U+0627><U+0646> <U+0686><U+06CC><U+062A><U+06AF><U+0631> <U+0634><U+0645><U+0627><U+0644><U+06CC>",7,4829807.67260944,479695454.545455,24,35.7248252,51.1851656
"263","<U+062A><U+0647><U+0631><U+0627><U+0646> <U+0686><U+06CC><U+0630><U+0631>",12,8856897.82181009,1082583333.33333,24,35.797178,51.4558992
"264","<U+062A><U+0647><U+0631><U+0627><U+0646> <U+06A9><U+0627><U+0631><U+0648><U+0627><U+0646>",5,2889779.30841089,136938461.538462,15,35.6189132,51.2589615
"265","<U+062A><U+0647><U+0631><U+0627><U+0646> <U+06A9><U+0627><U+0634><U+0627><U+0646><U+06A9>",8,8017197.00181147,887766871.111111,24,35.8094291,51.4821631
"266","<U+062A><U+0647><U+0631><U+0627><U+0646> <U+06A9><U+0627><U+0638><U+0645><U+200C><U+0622><U+0628><U+0627><U+062F>",9,8137690.15914382,759222222.222222,24,35.7490312,51.4666537
"267","<U+062A><U+0647><U+0631><U+0627><U+0646> <U+06A9><U+0627><U+0644><U+0627><U+062F>",4,7088871.85526892,631684210.526316,20,35.7413275,51.4852512
"268","<U+062A><U+0647><U+0631><U+0627><U+0646> <U+06A9><U+0627><U+0645><U+0631><U+0627><U+0646><U+06CC><U+0647>",247,5769953.55282942,592885408.382353,312,35.6836069,51.4025211
"269","<U+062A><U+0647><U+0631><U+0627><U+0646> <U+06A9><U+062A><U+0627><U+0628><U+062E><U+0627><U+0646><U+0647> <U+0645><U+0644><U+06CC> <U+0627><U+06CC><U+0631><U+0627><U+0646>",5,12395034.8432056,1150125000,9,35.7523187,51.4342393
"270","<U+062A><U+0647><U+0631><U+0627><U+0646> <U+06A9><U+0646>",12,4066671.81439451,350638931.666667,24,35.7606233,51.2770405
"271","<U+062A><U+0647><U+0631><U+0627><U+0646> <U+06A9><U+0648><U+0647><U+06A9>",3,6781221.01552409,646909090.909091,24,35.7299367,51.2448568
"272","<U+062A><U+0647><U+0631><U+0627><U+0646> <U+06A9><U+0648><U+06CC> <U+0627><U+0633><U+0644><U+0627><U+0645>",2,3687109.18710919,184200000,5,35.5942476,51.4539298
"273","<U+062A><U+0647><U+0631><U+0627><U+0646> <U+06A9><U+0648><U+06CC> <U+0628><U+06CC><U+0645><U+0647>",8,6757984.56161673,581347826.086957,24,35.7036229,51.3194958
"274","<U+062A><U+0647><U+0631><U+0627><U+0646> <U+06A9><U+0648><U+06CC> <U+062F><U+0627><U+0646><U+0634><U+06AF><U+0627><U+0647>",7,7995255.38541867,873944486.111111,24,35.730793,51.3850389
"275","<U+062A><U+0647><U+0631><U+0627><U+0646> <U+06A9><U+0648><U+06CC> <U+0641><U+0631><U+062F><U+0648><U+0633>",6,8142634.01050041,677833333.333333,24,35.7259022,51.3168754
"276","<U+062A><U+0647><U+0631><U+0627><U+0646> <U+06A9><U+0648><U+06CC> <U+0645><U+0647><U+0631><U+0622><U+0628><U+0627><U+062F>",0,7200380.02087801,591666666.666667,3,35.693958,51.3339097
"277","<U+062A><U+0647><U+0631><U+0627><U+0646> <U+06A9><U+0648><U+06CC> <U+0647><U+0641><U+062F><U+0647><U+0645> <U+0634><U+0647><U+0631><U+06CC><U+0648><U+0631>",8,2395617.52714011,185338095.238095,24,35.5783052,51.4578774
"278","<U+062A><U+0647><U+0631><U+0627><U+0646> <U+06AF><U+0627><U+0646><U+062F><U+06CC>",6,7597756.56625687,1021694444.44444,24,35.7522517,51.4124062
"279","<U+062A><U+0647><U+0631><U+0627><U+0646> <U+06AF><U+0644><U+0627><U+0628> <U+062F><U+0631><U+0647>",7,5429681.42968143,480500000,9,35.8204852,51.4375207
"280","<U+062A><U+0647><U+0631><U+0627><U+0646> <U+06AF><U+0645><U+0631><U+06A9>",10,3543405.41086138,187600000,24,35.6648847,51.3955319
"281","<U+062A><U+0647><U+0631><U+0627><U+0646> <U+06AF><U+06CC><U+0634><U+0627> (<U+06A9><U+0648><U+06CC> <U+0646><U+0635><U+0631>)",6,9497135.76357359,1020444444.44444,24,35.7264864,51.3795039
"282","<U+062A><U+0647><U+0631><U+0627><U+0646> <U+06CC><U+0648><U+0633><U+0641><U+200C><U+0622><U+0628><U+0627><U+062F>",9,12294918.1056804,1011117647.05882,24,35.7308611,51.4033687
